金侨花园,龙华,38794
公园大地,龙岗,52512
中海西岸华府(南区),宝安,46323
中海康城花园,龙岗,40462
万科金域缇香(二期),坪山,43679
保利上城,龙岗,47379
振业峦山谷,龙岗,34454
金海华府,宝安,64010
佳兆业可园(北区),布吉,52907
国展苑,布吉,37484
锦绣御园,龙华,53740
苹果园,龙华,46657
金地上塘道(一期),龙华,58863
春华四季园,龙华,57680
益田村,福田,72951
丽湖花园,布吉,35426
龙珠花园,布吉,38123
桂芳园,布吉,42872
幸福华府,罗湖,24264
金港华庭,宝安,60883
万象天成,龙岗,32416
阳光花园,布吉,40640
怡龙枫景园,龙岗,34509
花样年花郡,宝安,90292
莲花北村,福田,71626
梅林一村,福田,73923
留仙居,南山,37178
皇庭世纪,福田,79696
名豪丽城,宝安,17981
布吉中心花园,布吉,43401
天骄世家,宝安,57406
怡康家园,布吉,45397
星河盛世,龙华,73534
园岭新村,福田,81949
绿景香颂花园,龙华,62775
金域豪庭(二期),宝安,48795
西城上筑,宝安,83310
阳光天健城,龙岗,64711
桂芳园(六期),布吉,43356
中兆花园,布吉,39090
万科金色领域,宝安,51610
中粮一品澜山花园,坪山,28164
英达钰龙园,南山,74949
书香门第上河坊(书香门第二期),龙华,67235
今日家园,罗湖,62184
鹏达摩尔城,龙岗,34017
第五园一期,龙岗,58558
百仕达花园(三期),罗湖,62425
大冲城市花园,南山,116064
金泓凯旋城,宝安,89348
现代城华庭,南山,72715
振业翠海花园,福田,139770
深业东城御园,坪山,26927
星河时代,龙岗,54656
雍翠华府,罗湖,54614
星海名城(一期),南山,72305
世纪春城(四期),龙华,51198
花样年花好园,福田,78058
中海怡翠,布吉,40892
信义锦绣花园,龙岗,39089
招商澜园(南区),龙华,48348
紫薇花园,龙岗,33207
红树西岸,南山,148732
香缤广场,宝安,64851
中海阳光玫瑰园,南山,94436
汇景豪苑,南山,64837
金丽豪苑,罗湖,84668
雍景城,光明,42498
中海怡美山庄,龙岗,37958
信义御城(二期),龙岗,43053
富通好旺角(一期),宝安,89707
嘉葆润金座,福田,87573
荣超花园,布吉,37218
都市花园,福田,64493
信和爱琴居,布吉,38090
卡罗社区,宝安,73728
宏发上域花园,光明,48311
中航天逸,龙华,74634
东方明珠城,龙岗,35978
天悦龙庭(一期),宝安,84090
东海国际公寓,福田,118849
桦润馨居,龙华,40739
丹枫雅苑,龙华,48257
金城华庭,罗湖,75794
南国丽城,南山,67852
新德家园,南山,79532
城中雅苑,福田,89194
百合星城(一期),布吉,36797
潜龙鑫茂花园(A区),龙华,56902
理想家园,布吉,42316
鸿荣源西城雅筑,宝安,89140
百仕达花园(二期),罗湖,60873
金茂礼都,福田,153272
云顶嘉园,宝安,60523
佳兆业上品雅园,龙岗,61963
半岛城邦(二期),南山,97652
新亚洲花园,龙岗,35005
百仕达花园(一期),罗湖,65509
骏庭名园,罗湖,51538
万科四季花城(北区),龙岗,53576
绿海名都,南山,74773
英郡年华,布吉,44098
新天地名居,罗湖,62950
西岸观邸,宝安,111876
香格丽苑,福田,114632
万科金域华府,龙华,86637
叠翠新峰,龙岗,31946
前进公社,宝安,13058
白金假日公寓,宝安,79100
风格名苑,罗湖,63434
置地逸轩,罗湖,58995
鸿景园,宝安,62773
凤城花园,宝安,13569
锦绣江南(四期),龙华,48305
绿景公馆1866(北区),龙华,80916
鸿荣源禧园,宝安,51347
盛世江南,龙华,22726
警备区龙华公寓,龙华,18021
尚书苑,福田,68120
彩天名苑,福田,61889
华业玫瑰郡,龙岗,37141
菁英趣庭,宝安,82352
彩田村,福田,80628
万科金域东郡,坪山,36251
龙军花园,龙华,22127
丽阳天下名苑,福田,93503
桂芳园(八期),布吉,48400
奥林华府,龙岗,64996
万科城,龙岗,52567
依云伴山,南山,99072
翠竹苑,罗湖,66071
豪方天际,南山,89643
京基御景华城,福田,66515
东方银座公馆,南山,83393
中粮锦云,宝安,69967
特发和平里(一期),龙华,59456
招商果岭花园,宝安,64494
中海华庭,福田,95515
旭飞华天苑,罗湖,37664
东乐花园(罗湖),罗湖,49862
德意名居(一期),南山,75451
万科清林径(一期),龙岗,31944
志健时代广场,龙岗,34804
祥云天都世纪,福田,56377
丽晶国际,宝安,74784
中海大山地,龙岗,38918
漾日湾畔,南山,130777
都市名园,罗湖,58632
绿洲丰和家园,福田,93028
花半里,龙岗,41061
名骏豪庭,罗湖,51134
梅花山庄(别墅),龙华,83612
环岛丽园,罗湖,69603
金色都汇,罗湖,60704
金地名津,福田,66442
翠景居,宝安,52914
满京华喜悦里华庭,龙岗,42232
锦绣江南,龙华,46391
诺德假日花园,南山,99599
万科翡丽郡(一期),宝安,49127
世纪春城(三期),龙华,48364
金洲花园,罗湖,44159
鸿翔花园,罗湖,78011
阳光新境园,龙华,49868
滨海之窗,南山,129630
圣淘沙骏园,宝安,78565
集信名城,宝安,42315
大益广场,宝安,52502
远洋新干线(二期),龙岗,37998
领航里程花园(中信领航城一期),宝安,64626
宝利豪庭,宝安,36716
城市明珠,龙华,46945
首地容御花园,南山,90708
阳光棕榈园,南山,72745
宝能太古城北区,南山,159969
美丽365花园,龙华,44128
星座传奇,福田,94863
沙利公馆,宝安,18856
信和自由广场,南山,76983
港逸豪庭,罗湖,43762
友邻公寓,南山,85775
佳兆业大都汇,布吉,30727
御景台,宝安,72913
前海金岸,南山,72034
中航格澜阳光花园(一期),龙华,45175
朗景园,南山,86551
和平广场,罗湖,53977
旭飞花园,福田,68207
佳兆业茗萃园(一期),龙岗,36066
康达尔花园,布吉,40007
创兴时代,龙岗,36948
玮鹏花园(核电公寓),福田,88901
丰湖花园,罗湖,42834
前海花园,南山,67041
四海公寓,南山,80988
茂业城,布吉,32433
中海怡瑞山居,布吉,38917
松岗鸿福花园,宝安,12134
崇文花园,南山,21749
桑泰水木丹华,南山,79223
泰华俊庭,宝安,62699
美丽家园南区,龙华,42312
金石雅苑,宝安,47044
中洲华府(一期),宝安,97112
向南瑞峰花园,南山,84343
富通天骏,龙华,47501
花样年花乡,宝安,87642
宏发君域,宝安,44403
海滨广场,福田,54090
中骏四季阳光,龙岗,32467
中信湾上六座花园,宝安,66960
富盈门,宝安,52034
潜龙曼海宁(北区),龙华,63554
西城丰和,宝安,53548
招商依山郡,龙岗,42989
御河堤(城滨雅苑),福田,66664
丹梓龙庭,坪山,23840
名仕阁,罗湖,51956
金海岸,南山,80192
招商花园城,坪山,40327
愉天小区,罗湖,94433
宝能太古城南区,南山,153557
和谐家园,布吉,54241
龙城华府,龙岗,40799
佳兆业茗萃园(二期),龙岗,36023
合正汇一城,宝安,71477
阳光花地苑,南山,81224
信义御城(一期),龙岗,43162
日豪名园,罗湖,45786
西海明珠,南山,86209
鸿威海怡湾畔花园,南山,147912
清湖湾花园,龙华,13260
桃源盛世园,宝安,57111
碧水龙庭(一二期),龙华,55151
阳光带海滨城彩虹之岸(阳光带海滨城二期),南山,132715
深物业新华城,龙华,49485
第5大道高发西岸花园,宝安,93005
棕榈堡花园,宝安,46893
南光城市花园,南山,92066
大世纪水山缘,布吉,41540
熙园,福田,161966
鹏盛村,福田,58137
太阳新城,罗湖,51826
城市天地广场,罗湖,51690
香域中央花园,福田,162899
皇御苑(一期),福田,63957
和成世纪名园,龙岗,51993
TT国际公寓(缔梦园三期),福田,76939
金地梅陇镇,龙华,52661
玉湖湾,宝安,73720
名家富居,南山,98031
鹏兴花园(二期),罗湖,58879
莲花一村,福田,78340
万科金域缇香(一期),坪山,39598
宏发美域,光明,43442
东方半岛花园,布吉,36144
香珠花园,福田,120903
深南花园,南山,52036
御龙居,宝安,52011
红荔村,福田,103474
天健时尚空间,宝安,103566
星河丹堤,龙华,77122
侨香公馆,福田,47267
龙辉花园,南山,57758
天健现代城,龙岗,44842
颖隆大厦,罗湖,38035
彩世界家园,罗湖,51923
富豪花园,龙岗,38614
中信红树湾(南区),南山,138344
宝田雅苑,宝安,60746
幸福里,罗湖,96029
栖游记,南山,83022
荔枝花园,布吉,12782
西荟城一期,宝安,50723
时代景苑,宝安,42171
尚都(一期),宝安,85530
俊峰丽舍,南山,68753
金田风华苑,坪山,19739
学子荔园,南山,61395
吉信大厦,布吉,29013
新港鸿花园,罗湖,54756
豪方花园,南山,76081
富通蟠龙居,宝安,57036
卓弘高尔夫雅苑,龙岗,50369
恒源花园,宝安,15975
莲花二村,福田,81640
西湖林语,南山,84670
天然居,福田,88641
凤凰花苑,宝安,44864
星桂园,罗湖,62743
九州家园(一期),龙岗,27752
新锦安雅园,宝安,66462
花园城(一期),南山,87524
金山碧海花园,盐田,49967
高发城驰苑,福田,74532
城市3米6公寓,福田,54198
香缇雅苑,龙华,49272
鹏城花园,罗湖,44956
冠城世家,宝安,65550
幸福枫景花园,龙华,55302
熙龙湾(二期),宝安,124645
大信花园,龙华,43312
蓝钻风景花园,龙岗,29266
三湘海尚,南山,172217
南园枫叶国际广场,南山,63475
佳兆业金翠园,罗湖,96953
金港豪庭,福田,70354
天麓(一区),盐田,147350
3号线城市公寓(森雅谷润筑园),龙岗,35833
秋园雅苑,光明,12331
百合盛世,龙岗,36517
东门天地大厦,罗湖,59086
柏丽花园,罗湖,68695
碧湖玫瑰园,龙岗,35556
鸿瑞花园,南山,81887
东华明珠园,龙华,52980
文汇花园,宝安,46888
阳光里雅居,南山,103636
中泰燕南名庭,福田,102347
长丰苑,罗湖,43875
半岛城邦(一期),南山,126934
海韵嘉园,南山,86612
观海台花园,南山,130573
东方华都,罗湖,68388
富瑰园,宝安,49867
润恒尚园,宝安,70079
蔚蓝海岸(二期),南山,100199
合正荣悦府,罗湖,93150
骏景华庭,龙华,50883
西城品阁,宝安,60246
花园城(三期),南山,99849
阳光第五季,龙岗,49185
鸿达兴花园,宝安,14518
招商雍景湾,南山,124882
中南花园,宝安,60008
金众经典家园,罗湖,68242
蜜园,福田,67522
中爱花园,南山,68869
宝安新村,宝安,49353
蔚蓝海岸(三期),南山,106609
泰华明珠,宝安,50518
凤凰雅居,宝安,63271
银泉花园,龙华,41206
百合星城(二期),布吉,45482
共和花园,龙华,15835
缔梦园(缔梦园一期),福田,70612
大东城(一期),坪山,44509
水晶之城,龙岗,34669
御峰园,龙岗,41966
大世纪花园,布吉,41607
瀚海翠庭,盐田,46515
桑达雅苑,福田,99278
桃源村(二期),南山,56632
振业城(北区),龙岗,35638
金苹果,龙华,20567
汇港名苑,福田,61422
泰华豪园,宝安,50175
碧海云天(二期),福田,108176
缤纷年华,南山,102927
汇宾广场,南山,56918
合正佳园,福田,83490
香蜜时代,福田,45531
蔚蓝海岸(一期),南山,100233
新洲花园,福田,57206
嘉多利花园(北区),罗湖,81432
景新花园,福田,58720
雅颂居,福田,111002
桂芳园(七期),布吉,46203
京基御景印象一期,坪山,35976
金色年华家园,罗湖,60199
康乐大厦,南山,57578
灏景明苑,布吉,40228
金成时代家园,宝安,71982
豪方菁园,坪山,41576
新一代国际公寓,南山,78497
阳光海滨花园,南山,166847
翡翠山湖,深圳周边,19158
罗湖金岸,罗湖,39522
南海玫瑰花园(二期),南山,112999
慢城(一至三期),布吉,44050
君悦龙庭(一期),龙岗,51876
后海公馆,南山,113158
弘雅花园(二期),宝安,46877
莲丰雅苑,福田,33597
金地名峰,龙岗,38480
中海月朗苑,龙岗,56988
汇龙花园,福田,57816
润城花园,南山,71193
官龙名苑,南山,61727
万科东方尊峪,罗湖,58275
中央悦城,龙岗,33277
光彩新世纪家园,南山,76300
招商海月花园(二期),南山,95217
锦绣东方(A区),龙岗,50628
德兴城,布吉,29956
阅山华府,龙岗,41815
万福人家三期(天欣花园三期),宝安,44260
百合山庄,布吉,40452
宏发领域,宝安,110499
谱心苑,罗湖,44465
兴达华府,宝安,59824
世纪春城(二期),龙华,46592
TATA公寓,宝安,78632
青春庭园,宝安,54576
东悦名轩,罗湖,62330
龙园山庄,罗湖,43531
缇香名苑,福田,85810
中海塞纳时光,龙岗,39566
海境界家园(一期),南山,109381
宝能华府,南山,83750
众冠花园,南山,56006
佳兆业城市广场(一期),龙岗,58097
青春家园,南山,86442
帝港海湾豪园,福田,70284
深业新岸线,宝安,83047
海康大厦,福田,63106
半岛苑,布吉,35833
汇福花园,布吉,33975
田厦翡翠明珠花园,南山,91534
南岭花园,布吉,32627
中航凯特公寓,罗湖,35220
碧海富通城三期,宝安,71939
红桂皇冠名庭,罗湖,47739
缤纷时代家园,罗湖,71407
福莲花园,福田,82787
阁林网苑,福田,106969
五洲星苑,福田,73927
国都高尔夫花园(二期),福田,61677
万事达名苑,罗湖,54487
翡翠公寓(罗湖),罗湖,56806
黄埔雅苑乐悠园(黄埔雅苑三期),福田,93246
景源华庭,福田,65669
碧桐湾,盐田,43152
科苑学里,南山,93050
鸿德园,宝安,14630
嘉洲富苑,福田,68505
汇龙湾花园,龙华,103821
愉康花园,南山,66097
心语家园,南山,78050
深业上城,福田,101074
青莲公寓,福田,74242
创世纪滨海花园,南山,79879
绿景山庄,罗湖,42357
泰雅园,布吉,42066
海富花园,罗湖,41428
春和雅苑,宝安,16087
凯丽花园,南山,74426
光明峰荟,光明,45298
香蜜湖一号,福田,172121
文雅豪庭,布吉,38757
仙湖枫景家园,罗湖,52299
深蓝公寓,南山,86504
嘉宝田花园,罗湖,66320
桐景花园,罗湖,49453
荟芳园,南山,60361
荣泰园,宝安,13470
金湖雅苑,龙华,16594
联城美园,罗湖,55502
云峰花园,罗湖,39045
泊林花园,罗湖,62678
碧海红树园,福田,71984
澳城花园(南区),南山,116915
碧桐海苑,盐田,46676
龙翔山庄,宝安,49633
荔林春晓,南山,96009
桑达大厦,福田,147859
泛海拉菲花园(一期),南山,84810
太白居,罗湖,49233
茵悦之生花园,布吉,43046
翠拥华庭,罗湖,61157
松泉公寓,罗湖,52883
龙联花园,南山,62523
深房传麒山,光明,54619
东方凤雅台,罗湖,51762
桃苑公寓,南山,51761
星河国际,福田,96044
榭丽花园,龙岗,31886
恒立听海花园,南山,162951
金海湾花园,福田,73436
都市阳光名苑,福田,68438
盛世名门家园,盐田,52005
固戍华庭,宝安,20579
水榭花都(别墅),福田,258543
碧湾雅园,宝安,56089
金海燕花园,福田,81853
国都花园,罗湖,47993
金色假日,福田,76803
华茂苑,福田,56973
凯旋豪庭,福田,75751
金碧世家,龙华,45928
御景水岸花园(温馨花园),宝安,52764
龙福一村,龙岗,34615
嘉南美地,南山,64354
中粮澜山,宝安,63375
佳兆业香瑞园(南区),南山,77023
碧岭华庭,罗湖,52333
天健世纪花园,福田,89614
雅仕荔景苑,南山,84214
松泉山庄,罗湖,43470
龙都名园,南山,74422
熙龙湾(一期),宝安,120678
深航飞行员公寓,南山,56297
听涛雅苑(一期),宝安,10526
如意家园,南山,67261
畔山御景花园,宝安,40323
碧海蓝天明苑,盐田,47877
东方沁园(北区),龙岗,35683
新银座华庭,罗湖,54203
汇龙天下,龙岗,33120
海珠城,南山,68682
中房怡芬花园,布吉,38636
深业花园,福田,90142
航天立业华庭,福田,99853
皇庭彩园,福田,67583
融域名城,光明,15661
劲嘉龙园印象,龙岗,36823
海印长城,南山,94542
雅馨居,罗湖,56050
碧华庭居,福田,65279
海尚国际,南山,61822
玉岭花园,布吉,12035
阳光明居,罗湖,62226
君临天下,福田,86176
前海明珠,南山,63195
桐林花园,盐田,53763
东埔海景花园,盐田,64425
缔馨园,福田,94037
广业成学府道,龙岗,56379
宝民花园,宝安,54615
龙珠军苑,南山,27164
万福人家二期(天欣花园二期),宝安,42382
泰华锦绣城,宝安,50414
金钟大厦,南山,88915
侨城豪苑(一期),南山,68491
畔山花园,罗湖,43167
鹏达花园,龙岗,26711
中心名座,宝安,18048
晶品居,南山,74947
御景湾,宝安,73658
隆盛花园,龙岗,34471
侨城馨苑,南山,60332
岭秀名苑,福田,73233
御林山景,宝安,18000
星航华府,宝安,53521
布心花园(一区),罗湖,58168
溪山美地园,龙华,64160
天朗风清,南山,80146
海滨城广场,宝安,53131
金众香诗美林,福田,86058
桃源盛景园,宝安,53069
嘉洲华苑,福田,60108
山湖居,罗湖,52788
庐山花园,罗湖,39925
丰泽湖山庄,龙华,57521
旭飞花园,宝安,12557
东方新地,南山,62606
朗晴馨洲,福田,61958
紫光名苑,福田,63132
东津名座,坪山,20631
愉园新村,龙岗,29373
万科天誉(一期),龙岗,47934
阳光绿地家园,罗湖,59030
绿景蓝湾半岛,福田,75194
海悦华城,福田,62107
鸿昌花园,宝安,50527
旭飞华达园,罗湖,48300
东方盛世花园,布吉,49360
海世界,盐田,48173
龙园意境,布吉,46872
马家龙小区,南山,63977
方鼎华庭,南山,78572
汇金家园,南山,67622
前海湖山壹号,宝安,102213
俊景豪园,福田,68989
优品建筑,龙华,44038
八卦岭鹏基公寓,福田,76466
中银花园,福田,52918
东部翠海轩,盐田,45986
长城盛世家园(一期),福田,63422
城市山林,南山,98328
旭飞华安园,福田,57854
中海深圳湾畔花园,南山,74227
潜龙花园,龙华,46621
景尚雅苑,福田,98425
水岸新都(一期),龙岗,32601
振业城(南区),龙岗,38557
锦冠华城(雅景苑二期),龙岗,34769
港湾丽都,南山,70935
幸福城(二期),龙华,52998
华侨新苑,龙华,18864
深业东城上邸,坪山,33481
丽景城(弘雅花园七期),宝安,58026
丽港湾,福田,79890
天地峰景园,南山,74056
香蜜三村,福田,59419
景鹏大厦,福田,56763
深港豪苑,罗湖,49220
万科翰邻城,龙岗,55162
华丽园,罗湖,61932
中航格澜阳光花园(二期),龙华,45184
珠光花半里,南山,74320
启点公寓,龙华,19354
新安湖花园(一期),宝安,52301
湖景居,宝安,68647
名居绿海名居,宝安,59472
山语华庭,宝安,58560
莲城花园,南山,64352
南国丽园,龙华,58273
中信龙盛广场,龙岗,30952
合正锦湖逸园,罗湖,64608
翰岭院,福田,71505
白金时代,宝安,76084
庐峰翠苑,罗湖,61304
海典居,南山,67203
名门世家,龙岗,28531
新龙岗花园,龙岗,26450
欧景花园(一期),龙岗,35594
中熙香缇湾花园,宝安,75108
万托家园,福田,69149
昊海君悦,盐田,37042
PURE33璞岸,大鹏新区,31290
大信大厦,罗湖,35473
万科公园里,布吉,45566
翡翠名园,福田,69362
波托菲诺纯水岸(十五期),南山,155921
梅花新园,龙华,48707
世纪春城(一期),龙华,46482
万家灯火,龙华,46909
东方御花园,龙岗,44144
爱榕园,南山,83140
金园花园,罗湖,55602
红岭大厦,福田,50215
盛世鹏程花园,福田,84859
金亨利都荟首府,龙华,102558
盛龙花园(一期),龙岗,29555
科苑居,南山,83752
保利城花园,南山,87402
凯丰花园,福田,67670
风临洲,宝安,72123
波托菲诺香山里,南山,76078
美佳华首誉(商住楼),龙华,43750
竹盛花园,福田,72638
城市花园,龙岗,33571
大地花园,罗湖,39631
佳嘉豪苑,南山,91861
铂金时代公寓,罗湖,51691
聚龙华府,龙华,32224
馨园(二期),龙华,42424
中翠花园(峰之畔),布吉,41877
君逸世家花园,宝安,74433
合正星园,罗湖,83352
嘉湖新都,罗湖,92256
御景新城,光明,13767
佳兆业可园(南区),布吉,49278
半山海景兰溪谷(二期),南山,110396
彩虹新都,福田,38958
南天一花园,福田,105525
西海湾花园,南山,90747
鸿园居,罗湖,51017
明景园,光明,12250
天健郡城西区,龙岗,36271
海云轩,宝安,57873
金晖大厦,南山,63940
汇园雅居,南山,71977
祥福雅居,罗湖,52340
塘朗雅苑,南山,84076
中航阳光新苑,龙华,58980
华联花园,南山,71822
融湖中心城(一期),龙岗,43724
中海日辉台,龙岗,50010
泰宁花园,罗湖,47368
枫丹雅苑,福田,78163
比华利山庄,罗湖,42222
盛芳园(北区),宝安,21259
美丽AAA花园,龙华,48432
创业二村,宝安,59950
旺业豪苑,罗湖,50870
雍翠豪园,罗湖,54092
朗庭豪园,福田,65557
万科红生活广场,布吉,55905
欧景城,龙岗,38190
民乐翠园小区,龙华,17064
旺海怡苑,南山,60820
凯悦华庭,罗湖,47984
港丽豪园,福田,76063
新亚洲广场,龙岗,31838
紫荆花园,罗湖,39108
桃源村(一期),南山,63123
安柏丽晶,福田,79426
双龙花园,宝安,44353
波托菲诺天鹅堡,南山,94493
鹏益花园,福田,53515
金怡华庭,福田,69181
深圳湾锦缎之滨(阳光带海滨城一期),南山,120727
绿海湾,南山,141156
鸿隆广场(港隆城),宝安,71661
美荔园,罗湖,67929
阳光四季,福田,78616
东方瑞景苑,龙岗,30227
徽王府(爱地花园二期),龙岗,38079
家和花园(南区),龙岗,47469
滨海春城,宝安,52734
爱琴湾,盐田,60096
西湖花园,罗湖,38521
泰富华庭,坪山,25900
泰和花园,罗湖,58182
新新家园,福田,84360
合能城市阳光花园,龙华,39386
万科东海岸,盐田,44393
观湖园(别墅),龙华,50256
槟城西岸华庭,宝安,77110
水蓝湾,龙岗,42795
景贝南住宅区,罗湖,50402
锦林新居,福田,54076
卓越维港北区,南山,147233
福德花园,罗湖,53605
金汇名园,宝安,50172
龙丽园,罗湖,64968
景蜜村,福田,74389
时代华庭,福田,59344
福东龙华府,龙华,50763
六和城,坪山,34258
香山美墅,南山,113228
美杜兰华庭,布吉,42306
懿花园(盈峰翠邸),龙华,54052
园中花园,福田,72694
仁恒峦山美地,龙岗,44127
御景城,宝安,15613
海怡东方花园,南山,134146
发展兴苑,福田,79593
金城大厦,罗湖,45447
黄埔雅苑翠悠园(黄埔雅苑一期),福田,87725
竹园小区,福田,106532
学府花园,南山,72157
好来居,南山,85003
乐景花园,龙华,40023
绿海名苑,宝安,57043
广博星海华庭,南山,90423
华新村,福田,78033
宏兴苑,龙岗,34192
濠景城,宝安,20622
京基御景东方,南山,106247
鹏兴花园(六期),罗湖,62926
骏皇名居,福田,81336
众望楼,南山,38191
双城世纪大厦,罗湖,52202
半岛1号(二期别墅),深圳周边,12098
汇泰大厦,罗湖,55915
华浩源(A区),布吉,37753
蚝业雅苑,宝安,24474
安侨苑,福田,46397
德兴花园(北区),布吉,33624
星湖名居,光明,11894
立新湖花园,宝安,37123
东方威尼斯花园,坪山,25429
南山豪庭,南山,60943
春晖苑,福田,10873
中信海阔天空雅居,南山,115787
绿景花园(二期),福田,73611
欧意轩花园,龙岗,31156
新城东方丽园,坪山,24234
福园小区,南山,33597
阳光城市,福田,65493
海天一色,盐田,64286
福中福社区,宝安,57450
天地大厦,罗湖,43450
星河明居,福田,66740
光明大第,光明,57740
佳华名苑,宝安,81202
合正名园(二期),福田,76244
百富大厦,南山,70710
瑞景华庭,南山,69360
中熙香缤山,宝安,72214
心语雅园,南山,77477
招商海月花园(一期),南山,87367
招商名仕花园,南山,79441
南方国际广场,福田,63127
海丽大厦,罗湖,51698
骏皇嘉园,福田,71275
悠然天地家园,南山,111744
新天国际名苑,福田,108548
华富大厦,福田,59217
新世界家园,福田,62061
华茂欣园,福田,66102
云顶天海,盐田,39474
金达花园,宝安,47883
万科双月湾,深圳周边,11286
碧海富通城(五期),宝安,65552
大唐时代公寓,龙华,16000
惠鑫公寓,龙华,22077
中旅广场,南山,72526
云顶翠峰(二期),福田,76067
信义荔山公馆,布吉,52407
雅然居花园,宝安,53008
宣嘉华庭,福田,61515
汉京山,南山,87119
富怡雅居,福田,84389
盈翠家园,布吉,38908
愉康大厦,南山,57983
龙泉别墅,布吉,56674
金鼎大厦,罗湖,51131
天越翔园,罗湖,55186
宝豪华庭,宝安,58597
山海翠庐,南山,84586
龙都花园,南山,56847
布心山庄(西区),罗湖,17412
怡景花园,光明,11731
城市印象,南山,90720
港城华庭,福田,67916
博林贡院,福田,82811
宝安山庄,宝安,37186
中山花园大厦,罗湖,44736
香山美树苑,福田,110029
振业天峦,龙岗,36429
雅豪轩(弘雅花园三期),宝安,54203
梅兴苑,福田,54292
佳兆业前海广场,南山,86567
银湖山庄,罗湖,33665
绿景新苑(一期),福田,62957
皇达东方雅苑,福田,80550
桂景园,宝安,41860
西丽城市公寓,南山,35952
锦上花家园,罗湖,51267
云顶翠峰(三期),福田,78412
福民新村,福田,57773
东方颐园,罗湖,72692
香荔绿洲,福田,111461
可乐园,龙华,59852
天泽花园,福田,63333
嘉宾花园,罗湖,42262
景龙大厦,福田,53851
星际家园,宝安,13248
荔园大厦,南山,53314
天健时尚新天地,福田,73775
太子山庄,南山,68795
南海玫瑰花园(三期),南山,115122
龙屋小区(龙华),龙华,75106
金众小区,福田,62928
鸿荣源熙园山院,龙华,106494
桃源峰景园,宝安,68054
星河名苑,宝安,17776
泛海拉菲花园(二期),南山,96333
金地翠园,福田,92496
华府馨居,福田,77868
仓前锦福苑(南区),南山,64641
碧海富通城(四期),宝安,64264
丰华苑,宝安,69499
南海大厦,南山,84589
合众豪庭,光明,14852
桃苑小区,南山,58439
长福花园,福田,79025
天健阳光华苑,福田,81204
龙泉花园(龙华),龙华,38715
御锦公馆,福田,63520
玉华花园,龙华,43485
浪琴屿花园,南山,109966
南海中心,罗湖,46350
香蜜二村,福田,86695
黄金豪庭(龙岗),布吉,17820
阳光天地家园,罗湖,96749
中商花园,宝安,61286
国际名园,罗湖,47087
龙翔花园,龙岗,31739
长乐花园,福田,97837
城市假日,南山,69851
蓝馨苑,罗湖,72373
东部阳光花园,盐田,43678
绿景大公馆,龙岗,71768
西格公寓,宝安,24032
鹏兴花园(五期),罗湖,58155
育龙庭,龙岗,30032
雅仕居,罗湖,45935
泰安轩,福田,88124
建业南区(建业小区南区),福田,95967
梓兴花园,坪山,12060
海涛花园,盐田,51008
东都花园(1区),龙岗,32565
碧海湾花园,宝安,51375
朗钜御风庭,罗湖,55865
日出印象(A区),龙华,48455
青年城邦园,龙华,51774
艺华花园,南山,51858
深城公寓,罗湖,46138
建安新村,宝安,56450
中粮鸿云,宝安,57066
心怡花园,罗湖,51547
上东湾雅居,盐田,64723
尚景花园,龙岗,33385
雷圳碧榕湾,南山,88004
嘉年华名苑,罗湖,66498
德州城,深圳周边,11317
布吉中心广场,布吉,30900
金域豪庭(三期),宝安,56694
田苑小区,罗湖,62329
松园南小区,罗湖,51283
景田南住宅小区,福田,60748
金洲嘉丽园,龙岗,45253
腾阁,宝安,66511
海山道1号,盐田,57212
伍兹公寓,南山,104068
建安花园,宝安,46690
花园城(五期),南山,109601
南景苑,龙岗,55276
康欣园,福田,67905
泰华阳光海,宝安,76761
鹏兴花园(一期),罗湖,50672
鸿翠苑,罗湖,49836
迷你新居,福田,54403
中海半山溪谷,盐田,40591
富源花园,宝安,51404
聚豪园,福田,68619
御龙华庭,龙华,10603
名城国际广场,布吉,30818
南龙苑,南山,29988
聚龙大厦,罗湖,56698
田贝新村,罗湖,29372
坤祥花语岸,布吉,45620
集浩花园,罗湖,50742
玉翠新村,龙华,12242
创业一村,宝安,56031
嘉汇新城,福田,57417
润恒大厦,福田,63272
招商桃花园,南山,91574
星河华居,福田,66131
宝雅花园,宝安,71643
长安花园,福田,90751
世纪华庭,龙华,40878
中加名园,布吉,42690
景秀年华家园,福田,86553
新阳丽舍,龙华,40211
深航假日名居,宝安,51622
红岗花园,罗湖,46326
城市东座,罗湖,55396
云深处,盐田,70082
信义湛宝广场,龙岗,38252
华丽小区,罗湖,53885
擎天华庭,福田,76609
富达花园,罗湖,49508
银座金钻,罗湖,46020
艺丰花园(A区),福田,49506
共和世家,福田,63538
鸿景豪苑,布吉,44249
加洲花园,布吉,40615
金色沁园,龙岗,53267
港澳8号,罗湖,42518
中航鼎尚华庭,龙岗,26542
香榭峰景苑,南山,74639
华商时代公寓,罗湖,35462
国城花园,福田,188832
山海津,南山,67423
星悦豪庭(一期),宝安,17128
英达花园,罗湖,38198
东海花园二期福禄居,福田,123103
左庭右院(南区),布吉,42781
华美居,宝安,18442
四季丽晶,南山,83247
香蜜原著,福田,131090
花果山小区,南山,83924
星河雅居,福田,63780
景洲大厦,福田,57786
和亨中心广场,盐田,40397
宁水花园,罗湖,51426
碧云天,福田,62500
裕安花园,罗湖,55920
东方美地苑,南山,69864
武警六支队大院,罗湖,35364
雕塑家园,福田,42471
蓝色海月居,盐田,42774
荔苑小区(北区),南山,69721
金地海景花园A区,福田,69008
凤凰世纪花园,宝安,16446
西丽蓝天花园,南山,11764
阳光新干线家园,罗湖,51084
益田花园(一期),福田,74569
瑞和园,福田,75317
海连大厦,福田,64176
登科花园,宝安,51608
丽雅苑,南山,21610
通业花园,福田,62065
新世界名镌,宝安,109090
桃苑居,宝安,22555
龙城国际,龙岗,47278
瑞泽佳园,龙岗,40191
里仁府,宝安,49757
红树家邻,福田,69542
特发小区,福田,95918
桃源村(三期),南山,64784
帝景园,南山,75324
名仕春天,南山,28242
书香门第名苑(书香门第一期),龙华,64294
恒丰工业城,宝安,28967
灵芝园新村,宝安,64802
龙城花园,南山,69138
波托菲诺纯水岸(七期),南山,137066
城市主场,福田,71276
四达大厦,南山,61512
月亮湾山庄,南山,57216
华盛君荟名庭,罗湖,70113
黄埔雅苑逸悠园(黄埔雅苑二期),福田,89230
雅云轩,福田,77659
皇岗花园大厦,福田,53110
市政大院,福田,82413
先科花园,福田,58039
南景豪庭,布吉,39113
缘来居,南山,71801
翡翠星光园,布吉,45752
THETOWN乐城,龙岗,44146
恒安花园,宝安,78171
丽兰苑,南山,28718
长怡花园,福田,92824
峰景台大厦,罗湖,47444
鸣泉居,福田,108472
信托花园,福田,75668
天宝物华,福田,136227
金色海琴苑,南山,82001
红树林海景花园,福田,64702
旭仕达名苑,宝安,55785
裕盛华庭,宝安,18282
金地花园(北区),福田,52476
赛格景苑,福田,83341
星光之约花园,龙岗,46232
宝河大厦,宝安,66525
居乐苑,宝安,33535
融富花园,龙岗,25357
海晖大厦,南山,55327
家和盛世(一期),龙岗,72782
后海雅园,南山,139467
阳光荔景,南山,99381
玉雅居,罗湖,49247
友谊大厦,罗湖,46367
福民佳园,福田,66991
共乐华庭,宝安,25685
鲸山觐海,南山,108230
马古岭小区,罗湖,66851
一致春晓苑,罗湖,48648
泰康轩,福田,94031
百花园(一期),福田,134942
佳馨园,龙岗,29601
深华园,南山,57868
虹桥星座,罗湖,55930
翠湖名苑,龙华,14833
元芬花园,龙华,14164
东部华庭,盐田,33858
中信星光名庭,罗湖,70829
银晖名居,罗湖,50804
蓝天绿都家园,福田,56195
裕康时尚名居,福田,89349
下步庙(北区),福田,60885
翠湖花园,宝安,44724
钜建大厦,南山,59801
蓝漪花园,南山,83473
龙富花园,龙岗,27442
东方海雅居,南山,65808
招商海月华庭,南山,112864
城龙花园,龙岗,33110
泰安花园,宝安,48480
华隆园,罗湖,55065
景发花园,福田,64657
翡翠星空,罗湖,60557
民乐花园,龙华,12790
青青家园(南区),布吉,15790
汇锦名园,罗湖,60825
宝湖名园,罗湖,54091
汇龙苑,龙华,53287
优品艺墅,盐田,38834
德沁苑,龙岗,31350
华盛领寓,福田,102393
万科金色半山,布吉,54393
科技园小区,南山,82342
学林雅院,南山,85460
福民大厦,福田,59837
东海花园君豪阁,福田,93926
龙华花半里,龙华,47664
德金花园,宝安,13718
岸芷汀兰,南山,132266
睿智华庭,龙岗,51147
金迪名苑,罗湖,79568
翠怡苑,罗湖,43771
新阁小区,福田,44248
中城康桥紫郡花园,布吉,42490
共乐城,宝安,24117
珑御府,南山,167929
蓝田壹站华苑,盐田,45195
万科第五园(六期),龙岗,62029
南星大厦,光明,27827
翠华花园,罗湖,72088
聚福花园,罗湖,43430
君汇新天,南山,152298
金海花园,福田,72043
心海伽蓝,盐田,40145
金成名苑,宝安,58760
中山颐景花园,南山,64334
桂花大厦,罗湖,42305
柠檬时代,龙岗,27311
高山花园,南山,103913
华明楼,福田,46526
香雅园,福田,118115
天健名苑,福田,60560
香蜜湖豪庭,福田,165053
皇家翠苑,福田,75194
滨河花园,龙华,17015
聚龙苑,龙岗,32258
半山海景兰溪谷(一期),南山,103501
天骄华庭,南山,108468
联投东方华府(二期),宝安,48473
恒富花园,宝安,15246
春树里,南山,80583
辛诚花园,福田,66266
华丽东村,罗湖,51834
友联花园,布吉,37694
金叶茗苑,宝安,54616
翠盈嘉园,罗湖,55192
吉祥来花园,龙岗,37581
洪福雅苑,宝安,54973
万福人家一期(天欣花园一期),宝安,44902
裕宝大厦,宝安,64532
碧海富通城(二期),宝安,62709
滨江新村,福田,57969
威凤山庄,龙岗,35246
德兴大厦,罗湖,46491
紫薇阁,福田,80918
福景花园,龙华,37633
百合银都国际,布吉,38607
景亿山庄,罗湖,27667
南天二花园,福田,148146
澳华花园,龙华,14236
黄金豪庭(南山),南山,23076
天御香山花园,福田,141534
碧荔花园,福田,60771
尚品雅居,龙华,10666
丽廷豪苑,布吉,40114
中海丽苑,南山,74079
边防布心住宅区,罗湖,24526
福源花园,福田,59785
滢水山庄(二区),龙华,46590
嘉华花园(东区),宝安,47236
美丽湾国际公寓,南山,82132
福源大厦,福田,52100
振业花园,福田,82020
振业梅苑,福田,57127
育德佳园,南山,88133
南山花园,南山,77268
博林天瑞,南山,90295
懿德轩,南山,126754
桂冠华庭,龙华,41382
龙岗鸿基花园(西区),龙岗,37059
翡翠海岸,南山,188465
京南华庭,布吉,42592
又一村花园,布吉,41589
中城康桥花园(一期),布吉,36713
瑞河耶纳(汀兰鹭榭花园),南山,133090
贝丽花园,罗湖,53313
港田花园,福田,63450
阳光翠园,布吉,33142
澳城花园(北区),南山,161652
博海名苑,南山,156861
厚德品园,南山,110577
梧桐山新居,罗湖,55838
来座山(慢城四期),布吉,60265
南海玫瑰花园(一期),南山,101677
中兴之家,南山,58938
皇庭居,福田,68850
万科壹海城,盐田,58227
喜福汇,龙岗,37286
麒麟雅居,宝安,13513
国皇大厦,福田,49394
假日湾,南山,78379
东海花园(一期),福田,115961
中港城,福田,94800
天明居,福田,94607
园东花园,福田,76644
滨河新村,福田,57315
雅涛花园,宝安,50349
源兴居,罗湖,54170
宏浩花园,福田,76738
天安高尔夫花园珑园(天安高尔夫花园三期),福田,99815
章阁中心城,龙华,18067
鹏华香域花园,龙华,26780
黄阁翠苑,龙岗,42377
伟柏花园,福田,54276
康华苑,龙华,38505
同创新作,龙岗,37737
新浩城花园,福田,90418
嘉景苑,罗湖,47967
万科金色家园,福田,81882
汇鑫花园,罗湖,55876
雅仕阁,宝安,59284
湖景大厦,罗湖,50723
南溪新苑,福田,62325
锦龙名苑,龙岗,31921
佳华豪苑,宝安,43377
彩虹居,南山,52322
时尚新居,罗湖,44319
香丽大厦,福田,53440
东方玫瑰花园,福田,87814
阅山公馆,龙岗,44142
创富时代名苑,龙岗,28924
石鸿花园,宝安,47170
嘉隆星苑,福田,89695
长春花园,光明,13039
红星国际新城,宝安,14357
京光海景花园,南山,55400
幸福家园(福田),福田,89490
梅林二村,福田,64028
城市丽都花园,宝安,16710
京武浪琴半岛,南山,151260
钻石时代,罗湖,44598
明月花园,福田,70810
中旅国际公馆(二期),福田,159190
水木华庭,南山,74401
新华苑((一期)),龙华,40477
创新花园,宝安,13372
泰华大厦,宝安,41184
后海花园,南山,60652
英伦名苑(三期),南山,106805
国都高尔夫花园(一期),福田,64077
林海山庄,福田,59069
淘金山,罗湖,77745
一城峰景(颐景峰苑),龙岗,31513
皇庭港湾,南山,118811
和通花园,布吉,34892
锦庐花园(锦新明铭邸),福田,135350
蔚蓝海岸(四期),南山,92770
宝瑞轩,福田,72184
名仕国际,宝安,13316
波托菲诺纯水岸(一期别墅),南山,273394
福泉花园,福田,57624
华景乐园,龙华,18461
创业花园,龙华,15990
福海苑,南山,66544
东湖豪庭,罗湖,61583
宝城花园,宝安,39389
绿茵丰和,南山,113823
香格名苑,南山,82715
金地天悦湾(别墅),龙华,78606
后亭雅苑,宝安,13638
新银座大厦,罗湖,56892
鸿景湾名苑,福田,71507
全盛紫云庭,龙岗,51738
岭下花园,宝安,42019
达海花园,宝安,56874
东方欣悦居,福田,84557
德福花园,布吉,35475
中粮万福阁,宝安,70547
瑞昌大厦,福田,56635
祥韵苑,福田,79945
鑫竹苑,福田,81999
宝龙花园,布吉,26025
金港盛世华庭,盐田,46744
雅兰亭(弘雅花园四期),宝安,55063
穗丰苑,宝安,14589
富源商贸中心,宝安,51722
金祥都市花园,罗湖,42769
香林玫瑰花园,龙岗,37932
南海台大厦,南山,69663
深圳龙溪山庄,龙华,16251
深意公寓,南山,51068
田心大厦,罗湖,42154
莲馨园,罗湖,31375
瀚海东岸,盐田,54110
登良花园,南山,57939
万德居,福田,57640
金沙花园,福田,52187
荔湖花苑,福田,77364
中环花园,龙华,39387
书苑雅阁,宝安,95354
西苑小区,南山,56229
弘都世纪公寓,南山,83312
仙桐御景,罗湖,54509
鹏盛年华,福田,62969
平湖花园,龙岗,32059
恒裕滨城,南山,179981
莲塘工业D小区,罗湖,45483
全海花园,福田,72500
碧湖花园(龙岗),龙岗,36153
万科城市花园桂苑,罗湖,55779
广岭家园,罗湖,60083
翠馨居花园,福田,70609
半山道1号,布吉,57429
景山花园,宝安,41858
宝龙苑,罗湖,52774
万科城市花园,福田,88071
岭尚时代园,福田,76236
天琴阁,宝安,60580
田贝花园,罗湖,18143
泊岸雅苑,盐田,41837
花样年花港,盐田,36732
翠微园,南山,81728
明珠荔景,南山,28310
翠苑大厦,罗湖,48839
粤海新村,罗湖,52240
布心花园(二区),罗湖,58547
桑泰丹华府,南山,88838
怡园大厦,南山,48980
香荔花园(一期),福田,105578
橄榄鹏苑,福田,30831
宝兴花园,宝安,36822
丽岛茗园,南山,56698
美加广场,南山,68602
海发大厦,龙岗,14134
名都大厦,罗湖,63000
碧海云天(一期),福田,103878
海都花园,盐田,36545
财富公馆,宝安,14512
美庐锦园,南山,83691
新华大厦(一期),南山,30975
郁金香家园,南山,73368
深发花园,罗湖,42158
恒冠豪园,福田,83704
明月大厦,福田,75855
鹏湾花园二村,盐田,47358
爱地花园(一期),龙岗,35287
晨晖家园,福田,61858
天健花园,福田,91215
恒运豪庭(风华盛世),福田,71134
观澜中心花园,龙华,16938
鑫茂公寓,龙华,21264
翠枫豪园,布吉,38524
丽乐美居,南山,54431
鹏都大厦,南山,49247
留仙苑,南山,33097
集华花园,福田,53563
雅福居,福田,107236
金地名轩,福田,72598
鸿新花园,福田,40369
景城花园,宝安,13847
南山锦绣花园,南山,86589
珠光大厦,南山,44583
兰溪谷国际公寓,南山,95594
嘉鑫阳光雅居,福田,81617
韵动家园,福田,60221
东方都会,罗湖,50442
东埔福苑,盐田,41898
和盛苑(和兴花园二期),龙岗,38257
海心汇福园,布吉,39701
宝泉庄,罗湖,51387
东湖丽苑,罗湖,50028
翠岭苑,罗湖,18519
园岭花园,福田,64175
天一名居,福田,66207
金玲花园,龙华,37487
颐安都会中央(二期),龙岗,52295
西湖苑(一期),龙岗,23058
越众小区,福田,69022
莲丰大厦,福田,30314
竹林花园,福田,54448
绿映居,罗湖,49066
香景大厦,福田,58942
金水湾御园,盐田,43123
南光花园,南山,62940
平湖满庭芳,龙岗,34051
学府雅苑,宝安,13448
西乡海乐花园,宝安,66311
南光名仕苑,福田,68996
康乐花园,龙华,29364
蚝二学府花园,宝安,19825
瑞华园,龙岗,49197
水岸新都(二期),龙岗,31488
流塘大厦,宝安,36746
文竹园,南山,83630
华府国际,南山,23000
卧龙阁,罗湖,45325
金福大厦,罗湖,61508
湖滨新村,罗湖,59191
花半里别馆(翠山花半里),罗湖,51859
帝涛豪园,福田,68125
众孚大厦,福田,60238
联富华庭,龙华,15117
天健花园,龙岗,33589
粤宝花园(南区),布吉,35294
非凡空间,龙岗,46481
祥云苑,布吉,33362
海山居,盐田,39130
顺景花园,龙岗,33191
佳华新村,宝安,46925
湖彬苑,南山,73110
新丰大厦,罗湖,39990
先科机电大厦,福田,44481
赛格科技园公寓,福田,91891
信和花园,布吉,30840
风临四季,龙岗,29359
碧涛居,宝安,67490
半岛花园(A区),南山,69845
洪湖花园,罗湖,44048
同乐大厦,罗湖,37701
梦想家园,南山,74487
紫竹园,南山,74495
滨福庭园,南山,130446
碧馨苑,福田,73445
万科第五园(三期),龙岗,54569
仙桐馨苑,罗湖,50494
水畔紫云阁,福田,76101
绿洲花园,福田,49156
新世界山月居,福田,78661
颐林雅院,福田,69449
滢水山庄(一区),龙华,45262
海语西湾,宝安,70583
荔芳村,南山,62695
锦花大厦,罗湖,34626
意馨居,福田,65986
合正瑞园,福田,68175
云顶翠峰(一期),福田,68948
漾福居,福田,59551
香蜜新村,福田,86539
清湖铭泉,龙华,18111
梅沙1号,盐田,55213
正海华府,宝安,12558
天威花园,福田,62123
赛龙豪轩,龙华,39661
正兆景嘉园,光明,43934
长龙新村,布吉,9756
凤凰阁,宝安,17777
海天花园,宝安,50550
碧海天家园,南山,83837
惠中名苑,南山,63480
华轩大厦,福田,51402
中信红树湾(北区),南山,136835
玉湖山畔,龙岗,8400
鸿进花园,龙岗,28803
诺德中央道,龙岗,51253
鼎尚时代,宝安,21411
电力花园,南山,102376
华彩天成,南山,100102
水榭花都,福田,166572
馨园(一期),龙华,42364
瑞铧苑,南山,120561
曦湾华府,南山,175391
龙轩豪庭(华嵘榕公馆),福田,82496
鸿丽苑,龙岗,11772
华美丽苑,龙华,41348
丽新花园,南山,34350
香逸名园,福田,78329
后海名苑居(北区),南山,66585
绅宝花园,福田,62531
倚山时代雅居,盐田,60961
富华花园,宝安,40911
兴业华庭,宝安,53182
港湾生活小区(赤湾生活小区),南山,54253
东帝海景花园,南山,75056
恒基花园,宝安,16176
金鼎花园,宝安,53434
华裕花园,罗湖,50450
雍祥居,福田,97444
庆福园大厦,福田,58632
金梅花园,福田,36414
金庸阁(一期),龙华,41211
海逸雅居,龙岗,34754
西荟城三期,宝安,50747
翠榕花园,罗湖,46268
豪峰园,福田,96363
馨庭苑,福田,89713
桑达新村,福田,76367
富盛苑,宝安,46666
维富大厦,罗湖,39878
惠名花园,罗湖,45596
金庸阁(二期),龙华,35996
梓龙楼,坪山,7500
风尚时代小区,宝安,33697
金泰花园,宝安,46026
招商雍华府,南山,98476
丰泽园,南山,60125
东海十八居,福田,99410
百花园(二期),福田,152101
文乐花园,宝安,43269
前海华庭,南山,102533
罗湖大厦,罗湖,45830
蓝宝石名庭,福田,58972
光明1号,光明,45726
翠湖山庄,龙岗,29680
融景园,宝安,53935
鸿海大厦,南山,40084
华侨苑,龙华,52916
天集雅苑,龙岗,33883
军荟花园,宝安,17420
天元大厦,罗湖,41474
碧涛苑,宝安,42850
如意豪庭,宝安,44856
留仙公馆,南山,20512
鹏兴花园(三期),罗湖,64870
金燕园,福田,55042
蚝三丰泽园,宝安,19103
景园大厦,罗湖,41592
核电花园,福田,112910
聚宝华府,罗湖,77737
桐辉居,盐田,49439
海伴雅居,南山,68873
泰然公寓区,福田,70757
赛格苑,福田,48887
海馨苑,福田,102516
长城二花园,福田,97293
圣莫丽斯,龙华,99129
星湖花园,罗湖,47480
兴华花园,宝安,41149
南水小区,南山,62479
荔馨村,南山,56704
兰亭国际名园,罗湖,53741
锦绣大厦,罗湖,55257
新世界四季山水(二期),福田,91300
诗宁大厦,盐田,37715
富通苑,宝安,49849
鹤祥苑,南山,52466
新厦苑,宝安,43361
海滨新村,宝安,16971
中海九号公馆,宝安,94546
立新花园,罗湖,45479
怡景别墅,罗湖,192045
山水居,福田,74615
金竹花园,福田,55821
石岩公馆,宝安,12758
山水情家园,南山,77793
招北小区,南山,76888
嘉隆公寓,南山,24032
嘉福花园,福田,64108
豪园,南山,60950
长泰花园,福田,93649
香榭郦景,龙华,10009
东源阁,龙华,38249
祥和山庄,龙华,16079
知春里,布吉,43049
怡合花园,宝安,57655
海韵花园,宝安,49813
米兰寓所,南山,70160
宝湖新村,龙华,19156
碧波花园(北区),罗湖,48798
鸿威鸿景翠峰,罗湖,61011
群贤花园,宝安,43010
永乐新村,南山,58366
锦隆花园,南山,70527
华清园安业花园,罗湖,43411
盛地龙泉,龙华,41516
尚景华园,龙岗,35154
上东区华府,宝安,13616
爱群花园,宝安,14560
学城绿园,南山,58848
南光紫荆苑,福田,77139
金海丽名居,福田,66895
宝佳苑,宝安,55451
翠堤雅居,盐田,62740
新城花园,宝安,49209
龙坤居,南山,62790
西海湾公寓,南山,84611
万科温馨家园,福田,95526
华茂苑(三期),福田,57384
南油花园,龙岗,30667
鸿景春天,龙岗,25325
西丽湖职工宿舍,南山,50809
朝阳里雅苑,龙岗,58175
沁芳名苑,罗湖,75180
文华花园,罗湖,46755
绿化大厦,福田,8820
新街口大楼,南山,64343
听泉居,福田,104121
泰阳金桔苑,布吉,29735
春天海,盐田,35773
怡安花园,宝安,17695
银泰苑,福田,66409
梅龙苑,龙华,12838
怡乐花园,布吉,39948
皇庭香格里花园,南山,73049
万科四季花城(南区),龙岗,52016
日出印象(B区),龙华,46211
中信海滨花园,盐田,32861
大陆庄园,南山,57327
海文花园,南山,88183
祥和花园(一期),罗湖,49516
香荟雅苑,福田,133861
汇龙峰景,龙华,17647
天峦湖,坪山,37483
松涛花园,宝安,30732
汉京确悦,南山,91736
丹枫白露城东1号,罗湖,41483
笋岗大厦,罗湖,36268
显锐大厦,福田,58324
广业大厦,福田,60996
和磡村,龙岗,16895
万科城(别墅),龙岗,83178
荔枝苑(东区),南山,70609
荣兴大厦,罗湖,40708
莲通花园,罗湖,38646
君子嘉园,龙华,6444
鸿洲湖心岛公寓,盐田,40049
山泉小区,盐田,45326
福临苑,南山,74025
深大新村,福田,63187
运河蓝湾,龙岗,38565
金沙名都,宝安,12949
万泽云顶香蜜湖,福田,94453
绿景花园(一期),福田,61708
翠峰丽景,龙岗,34642
深宝花园,宝安,45403
中泰艺术名庭,南山,104635
逸翠园,罗湖,51643
金桃园大厦,南山,57887
教育新村,布吉,15084
景西大厦,福田,67691
招商桃花园(三期),南山,90343
招东小区,南山,62760
深圳湾一号,南山,208097
景田北小区,福田,76890
雨田村,福田,70615
缤纷世界,宝安,61434
美墅蓝山家园,南山,95343
豪方悠然居,南山,90933
中康生活区,福田,58366
幸福华庭,龙华,25921
龙泰轩,南山,66400
文德福花园,南山,72842
四海之家,南山,76339
硅谷公寓,南山,91250
博伦花园,福田,82225
吉大花园,布吉,16198
泰华苑,宝安,59493
波托菲诺纯水岸(九期),南山,139342
高发公寓,南山,58268
华府假日,南山,64174
洪湖东岸,罗湖,57326
水木澜山居,福田,72589
颐合花园,宝安,41800
天海花园,南山,103754
众冠西郡园,南山,66443
望海汇景苑,南山,76671
国华大厦,福田,32812
福兴花园,福田,67349
恒星园,福田,100620
梅林四村,福田,55456
金凤凰豪苑,龙华,13929
熙璟城,龙岗,41090
满园,龙岗,39894
靖轩花园,罗湖,20432
泰然广场,福田,54503
南华花园,福田,58280
四海宜家,南山,83034
青橙时代公寓,罗湖,60268
嘉洲豪园,福田,63887
长江花园,龙岗,31879
侨香诺园,南山,94808
金田花园,南山,59949
西丽山庄,南山,151190
新华苑(二期),龙华,47107
东都雅苑,龙岗,30241
碧海富通城六期,宝安,70300
顺泰公寓,福田,54292
华丽西村,罗湖,50130
聚宝花园,罗湖,43856
华强花园,福田,68624
阳光雅苑,布吉,12318
海语东园,盐田,38864
瑞尚居(富通1号国际),宝安,52265
珠光苑,南山,30766
半岛花园(B区),南山,71680
中央花园,福田,69975
紫玉花园,福田,78681
新亚洲国利大厦,福田,70564
泰华花园,宝安,46562
翡翠华庭,宝安,74718
桂园,南山,70726
金色阳光雅居,南山,79528
万科金域蓝湾,福田,82644
德邻雅筑,宝安,58488
雅乐居,宝安,55482
碧涛阁,宝安,51708
康乐园,南山,60387
龙佳园,南山,51536
麒麟新村,南山,29294
翔名苑,福田,100573
宝田苑,福田,61030
飞扬时代大厦,福田,49986
龙岭山庄(东区),布吉,38544
广物花园,南山,72667
凯伦花园,福田,53046
富璟花园,布吉,14197
华瑞大厦,罗湖,54687
百花公寓(一期),福田,116639
诚信华庭,布吉,36655
凯旋湾,大鹏新区,79886
固戍花园,宝安,16642
新安居花园,龙华,12131
港莲二村,罗湖,46098
现代苑,福田,70611
赤尾村,福田,16670
绿怡居,龙岗,39754
锦城星苑,龙岗,29447
石鸿小洋房,宝安,48446
荔庭园,南山,69518
鲸山别墅,南山,117643
深港花园,罗湖,49080
英协大厦,福田,42915
润丰园,福田,58615
华泰小区,福田,24862
嘉麟豪庭,福田,56965
富源居,布吉,16519
幸福海,盐田,39949
蔚蓝雅苑,南山,129306
世纪村,南山,91194
萃峰阁,罗湖,38511
蕙兰雅居,罗湖,55836
景福花园,罗湖,59154
碧景园,福田,56122
腾昌花园,龙岗,28252
台湾花园,龙岗,37465
富怡花园,宝安,44272
福满园,南山,56943
招商海月花园(三期),南山,102330
紫荆苑,福田,78584
致富居,宝安,25984
庆华花园,宝安,49353
海岸时代公寓,南山,45707
后海花半里雅居,南山,112877
天悦园,南山,75288
港莲一村,罗湖,44427
嘉意台,福田,63726
华昱苑,龙华,40587
翠景花园(盐田),盐田,41338
海滨假日,盐田,55875
虹桥金岸,罗湖,51461
万达丰大厦,罗湖,47942
鹏丽大厦,福田,58746
润华苑,福田,66794
育星苑,福田,67442
雅园居,龙岗,21361
荔香苑,宝安,15984
卓越浅水湾,南山,129758
龟山别墅,南山,140893
鸿业苑,罗湖,68858
景雅居,福田,64880
福昌苑,福田,64836
自由港湾公寓,福田,59109
迎侨花园,龙华,35049
颐安阅海,南山,181327
桃花园,南山,65388
碧中园,罗湖,55478
祥和花园(二期),罗湖,47825
福源花园(三期),福田,64544
风临左岸,福田,99357
卓越皇后道,龙华,62621
波托菲诺纯水岸(二期),南山,637831
海湾明珠花园,宝安,57391
南洋花园,布吉,14674
万科四季花城(南区别墅),龙岗,51304
嘉华花园(西区),宝安,42819
景富苑,宝安,48027
易达大厦,宝安,51927
海景花园,南山,69894
松坪山单身公寓,南山,46948
平康苑,南山,33212
蓝虹雅苑,南山,41500
桑达苑,南山,77356
丽园小筑,宝安,12166
阳光海景豪苑,南山,68378
赛格名苑,南山,57812
